{
  "times": [
    41.11919021606445,
    39.78144431114197,
    39.81928253173828,
    40.120880365371704,
    39.022494077682495,
    39.26551294326782,
    40.02293014526367,
    39.288614988327026,
    68.85320496559143,
    39.298049449920654,
    39.140671491622925,
    39.3846230506897,
    39.63569736480713,
    61.789769887924194,
    39.43263864517212,
    153.58126044273376,
    39.94269585609436,
    40.48217415809631,
    61.105321168899536,
    60.97165608406067,
    62.65236186981201,
    62.26791310310364,
    61.707358837127686,
    56.660120487213135,
    149.01626634597778,
    38.7374746799469,
    38.3958306312561,
    37.92575144767761,
    43.353667974472046,
    56.44739508628845,
    41.10347366333008,
    85.02947807312012,
    86.92537379264832,
    90.85953998565674,
    60.165202617645264,
    311.7866928577423,
    56.88459897041321,
    58.30213189125061,
    83.2377576828003,
    84.11790776252747,
    42.19360947608948
  ],
  "average_time": 63.65434193611145
}