{
  "times": [
    41.11919021606445,
    39.78144431114197,
    39.81928253173828,
    40.120880365371704,
    39.022494077682495,
    39.26551294326782,
    40.02293014526367,
    39.288614988327026,
    68.85320496559143,
    39.298049449920654,
    39.140671491622925,
    39.3846230506897,
    39.63569736480713,
    61.789769887924194,
    39.43263864517212,
    153.58126044273376,
    39.94269585609436,
    40.48217415809631,
    61.105321168899536,
    60.97165608406067,
    62.65236186981201,
    62.26791310310364,
    61.707358837127686,
    56.660120487213135,
    149.01626634597778,
    38.7374746799469,
    38.3958306312561,
    37.92575144767761,
    43.353667974472046,
    56.44739508628845,
    41.10347366333008,
    85.02947807312012,
    86.92537379264832,
    90.85953998565674,
    60.165202617645264,
    311.7866928577423,
    56.88459897041321,
    58.30213189125061,
    83.2377576828003,
    84.11790776252747,
    42.19360947608948,
    42.160831451416016,
    57.77988648414612,
    82.67272853851318,
    80.52616691589355,
    82.15553689002991,
    83.4345874786377,
    84.53122472763062,
    86.14959716796875,
    92.35862898826599,
    107.73697972297668,
    80.21918225288391,
    83.02793145179749,
    83.25830268859863,
    82.20900011062622,
    85.20315909385681,
    80.2428503036499,
    98.58983063697815,
    86.1607551574707,
    58.6043975353241,
    106.01838088035583,
    41.656543493270874,
    84.18191528320312,
    60.798548221588135,
    54.58696937561035,
    38.847196102142334,
    38.99438405036926,
    39.48432230949402,
    41.48728895187378,
    41.26857948303223,
    40.97100830078125,
    42.014859199523926,
    24.348597049713135,
    25.00305724143982,
    24.923705339431763,
    46.67528796195984,
    26.680238246917725,
    89.38742327690125,
    88.97145915031433,
    85.10517644882202,
    104.65279817581177
  ],
  "average_time": 65.34453500641717
}